{
  "dashboardGeneratedTime": "Wed Jan 23 21:01:53 SGT 2019",
  "repos": [
    {
      "location": {
        "location": "https://github.com/reposense/RepoSense.git",
        "repoName": "RepoSense",
        "organization": "reposense"
      },
      "branch": "master",
      "displayName": "reposense_RepoSense_master"
    },
    {
      "location": {
        "location": "https://github.com/MarkBind/markbind.git",
        "repoName": "markbind",
        "organization": "MarkBind"
      },
      "branch": "master",
      "displayName": "MarkBind_markbind_master"
    }
  ]
}
